Approx_Rank_US_Top200,City,State,Primary_Job_Portal,Primary_URL,Portal_Class,Source_Confidence,AI_Role_Yield_Priority(0-6),Dedupe_Group,Alternative_Portal,Alternative_URL,Notes
6,Philadelphia,PA,Technical.ly – Philly job board,technical.ly,Regional-Tech-Board,Verified,6,"Mid-Atlantic (Philadelphia, Baltimore, Pittsburgh, New Orleans/Baton Rouge)",Built In – Philadelphia city page (builtin.com/jobs),builtin.com/jobs,Verified 2026: Technical.ly covers Greater Philly tech/AI roles
14,Columbus,OH,Purpose Jobs – Columbus (purpose.jobs),purpose.jobs,Regional-Tech-Board,Verified,6,"Midwest multi-city (Detroit, Columbus, Cleveland, Cincinnati, Indianapolis, Ft Wayne, Toledo, Warren, Akron, Grand Rapids)",OhioMeansJobs,ohiomeansjobs.com,Verified: Purpose Jobs covers Columbus startups
17,Indianapolis,IN,Purpose Jobs – Indianapolis (purpose.jobs/indianapolis),purpose.jobs/indianapolis,Regional-Tech-Board,Verified,6,"Midwest multi-city (Detroit, Columbus, Cleveland, Cincinnati, Indianapolis, Ft Wayne, Toledo, Warren, Akron, Grand Rapids)",TechPoint job board (techpoint.org),techpoint.org,Verified 2026: Purpose Jobs Indy page live
29,Detroit,MI,Purpose Jobs – Detroit / Midwest (purpose.jobs),purpose.jobs,Regional-Tech-Board,Verified,6,"Midwest multi-city (Detroit, Columbus, Cleveland, Cincinnati, Indianapolis, Ft Wayne, Toledo, Warren, Akron, Grand Rapids)",Pure Michigan Talent Connect,mitalent.org,Purpose Jobs HQ market; verified Midwest coverage
30,Baltimore,MD,Technical.ly – Baltimore/Maryland jobs,technical.ly,Regional-Tech-Board,Verified,6,"Mid-Atlantic (Philadelphia, Baltimore, Pittsburgh, New Orleans/Baton Rouge)",Built In – Baltimore city page,builtin.com/jobs,Verified 2026: Technical.ly expanded to statewide MD; Built In lists Baltimore
43,Miami,FL,Refresh Miami job board (jobs.refreshmiami.com),jobs.refreshmiami.com,Regional-Tech-Board,Verified,6,"South Florida (Miami, Hialeah, Ft Lauderdale, Pembroke Pines, Hollywood, Miramar)",Employ Florida / CareerSource,employflorida.com,Verified 2026: active board (~400+ tech/startup roles)
53,Cleveland,OH,Purpose Jobs – Cleveland (purpose.jobs),purpose.jobs,Regional-Tech-Board,Verified,6,"Midwest multi-city (Detroit, Columbus, Cleveland, Cincinnati, Indianapolis, Ft Wayne, Toledo, Warren, Akron, Grand Rapids)",OhioMeansJobs,ohiomeansjobs.com,Verified Built In also lists Cleveland city page
54,New Orleans,LA,Technical.ly – Louisiana job board,technical.ly,Regional-Tech-Board,Verified,6,"Mid-Atlantic (Philadelphia, Baltimore, Pittsburgh, New Orleans/Baton Rouge)",Louisiana Works (LA-WORKS),laworks.net,Verified 2026: Technical.ly covers Louisiana ecosystem
64,Cincinnati,OH,Purpose Jobs – Cincinnati (purpose.jobs),purpose.jobs,Regional-Tech-Board,Verified,6,"Midwest multi-city (Detroit, Columbus, Cleveland, Cincinnati, Indianapolis, Ft Wayne, Toledo, Warren, Akron, Grand Rapids)",Built In – Cincinnati city page,builtin.com/jobs,Verified: Built In lists Cincinnati
68,Pittsburgh,PA,Technical.ly – Pittsburgh job board,technical.ly,Regional-Tech-Board,Verified,6,"Mid-Atlantic (Philadelphia, Baltimore, Pittsburgh, New Orleans/Baton Rouge)",Purpose Jobs – Pittsburgh (purpose.jobs),purpose.jobs,Verified 2026: Technical.ly + Purpose Jobs both cover Pittsburgh
78,Buffalo,NY,TechBuffalo job board (techbuffalo.org),techbuffalo.org,Regional-Tech-Board,Verified,6,,Built In – Buffalo city page,builtin.com/jobs,Verified: Built In lists Buffalo
103,Baton Rouge,LA,Technical.ly – Louisiana job board,technical.ly,Regional-Tech-Board,Verified,6,"Mid-Atlantic (Philadelphia, Baltimore, Pittsburgh, New Orleans/Baton Rouge)",Built In – Baton Rouge city page,builtin.com/jobs,Verified: Built In lists Baton Rouge; Technical.ly covers LA
109,Hialeah,FL,Refresh Miami job board,jobs.refreshmiami.com,Regional-Tech-Board,Verified,6,"South Florida (Miami, Hialeah, Ft Lauderdale, Pembroke Pines, Hollywood, Miramar)",Employ Florida / CareerSource,employflorida.com,Miami-Dade coverage
114,Salt Lake City,UT,Silicon Slopes Jobs (siliconslopes.com/jobs),siliconslopes.com/jobs,Regional-Tech-Board,Verified,6,,Utah DWS Jobs,jobs.utah.gov,Verified 2026: official Utah tech job board
124,Grand Rapids,MI,Purpose Jobs – Grand Rapids (purpose.jobs),purpose.jobs,Regional-Tech-Board,Verified,6,"Midwest multi-city (Detroit, Columbus, Cleveland, Cincinnati, Indianapolis, Ft Wayne, Toledo, Warren, Akron, Grand Rapids)",Pure Michigan Talent Connect,mitalent.org,Verified: Purpose Jobs covers GR tech
136,Fort Lauderdale,FL,Refresh Miami job board (South Florida),jobs.refreshmiami.com,Regional-Tech-Board,Verified,6,"South Florida (Miami, Hialeah, Ft Lauderdale, Pembroke Pines, Hollywood, Miramar)",Employ Florida / CareerSource,employflorida.com,Verified: Refresh covers Broward/Palm Beach
144,Pembroke Pines,FL,Refresh Miami job board (South Florida),jobs.refreshmiami.com,Regional-Tech-Board,Verified,6,"South Florida (Miami, Hialeah, Ft Lauderdale, Pembroke Pines, Hollywood, Miramar)",Employ Florida / CareerSource,employflorida.com,Broward coverage
167,Hollywood,FL,Refresh Miami job board (South Florida),jobs.refreshmiami.com,Regional-Tech-Board,Verified,6,"South Florida (Miami, Hialeah, Ft Lauderdale, Pembroke Pines, Hollywood, Miramar)",Employ Florida / CareerSource,employflorida.com,Broward coverage
168,Charleston,SC,Charleston Digital Corridor career portal,charlestondigital.com,Regional-Tech-Board,Verified,6,,Built In – Charleston city page,builtin.com/jobs,Verified: Built In lists Charleston SC
185,Miramar,FL,Refresh Miami job board (South Florida),jobs.refreshmiami.com,Regional-Tech-Board,Verified,6,"South Florida (Miami, Hialeah, Ft Lauderdale, Pembroke Pines, Hollywood, Miramar)",Employ Florida / CareerSource,employflorida.com,Broward coverage
197,Warren,MI,Purpose Jobs – Detroit metro (purpose.jobs),purpose.jobs,Regional-Tech-Board,Verified,6,"Midwest multi-city (Detroit, Columbus, Cleveland, Cincinnati, Indianapolis, Ft Wayne, Toledo, Warren, Akron, Grand Rapids)",Pure Michigan Talent Connect,mitalent.org,Detroit metro coverage
5,Phoenix,AZ,Built In – Phoenix city page,builtin.com/jobs,BuiltIn-Hub/City,Verified,5,,ARIZONA@WORK,arizonaatwork.com,Verified: Built In lists Phoenix; see also PipelineAZ (pipelineaz.com)
11,San Jose,CA,Built In SF (builtinsf.com) – Bay Area,builtinsf.com,BuiltIn-Hub/City,Verified,5,"Bay Area (Built In SF covers: San Jose, Oakland, Fremont, Hayward, Sunnyvale...)",CalJOBS (CA EDD),caljobs.ca.gov,Metro covered by a dedicated Built In hub site (same migration as user's original file)
15,Charlotte,NC,Built In Charlotte (dedicated hub site),builtin.com,BuiltIn-Hub/City,Verified,5,,NCWorks,ncworks.gov,Verified 2024+: Charlotte is a dedicated Built In hub
20,Oklahoma City,OK,Techlahoma job board (jobs.techlahoma.org),jobs.techlahoma.org,Regional-Tech-Board,Moderate,5,,OKJobMatch,okjobmatch.com,Statewide OK tech community board
21,Nashville,TN,Nashville Technology Council career center,technologycouncil.com,Regional-Tech-Board,Moderate,5,,Jobs4TN,jobs4tn.gov,Regional tech council board; verify exact page
26,Portland,OR,Silicon Florist job board (siliconflorist.com),siliconflorist.com,Regional-Tech-Board,Moderate,5,,WorkSource Oregon,worksourceoregon.org,Long-running Portland tech community board
31,Milwaukee,WI,MKE Tech Hub job board (mketech.org),mketech.org,Regional-Tech-Board,Moderate,5,,Job Center of Wisconsin,jobcenterofwisconsin.com,Regional tech coalition board; verify exact page
32,Albuquerque,NM,Built In – Albuquerque city page,builtin.com/jobs,BuiltIn-Hub/City,Verified,5,,NM Workforce Connection,dws.state.nm.us,Verified: Built In lists Albuquerque
37,Kansas City,MO,Startland News – KC startup jobs (startlandnews.com),startlandnews.com,Regional-Tech-Board,Moderate,5,,MoJobs,jobs.mo.gov,KC metro startup ecosystem board
39,Colorado Springs,CO,Built In Colorado (builtincolorado.com),builtincolorado.com,BuiltIn-Hub/City,Verified,5,"Colorado statewide (Colorado Springs, Aurora, Fort Collins, Lakewood CO, Thornton)",Connecting Colorado,connectingcolorado.com,Metro covered by a dedicated Built In hub site (same migration as user's original file)
40,Omaha,NE,Silicon Prairie News jobs (siliconprairienews.com),siliconprairienews.com,Regional-Tech-Board,Moderate,5,,NEworks,neworks.nebraska.gov,Regional Midwest startup ecosystem board
44,Long Beach,CA,Built In LA (builtinla.com),builtinla.com,BuiltIn-Hub/City,Verified,5,"LA/OC metro (Built In LA covers: Long Beach, Anaheim, Irvine, Santa Ana, Glendale, Huntington Beach, Toronto→Torrance, Palmdale, Lancaster, Garden Grove, Santa Clarita)",CalJOBS (CA EDD),caljobs.ca.gov,Metro covered by a dedicated Built In hub site (same migration as user's original file)
45,Oakland,CA,Built In SF (builtinsf.com) – Bay Area,builtinsf.com,BuiltIn-Hub/City,Verified,5,"Bay Area (Built In SF covers: San Jose, Oakland, Fremont, Hayward, Sunnyvale...)",CalJOBS (CA EDD),caljobs.ca.gov,Metro covered by a dedicated Built In hub site (same migration as user's original file)
46,Minneapolis,MN,Tech.MN job board (tech.mn),tech.mn,Regional-Tech-Board,Moderate,5,,CareerForceMN,careerforcemn.com,Minnesota tech association board; verify current postings
47,Tulsa,OK,Techlahoma job board (jobs.techlahoma.org),jobs.techlahoma.org,Regional-Tech-Board,Moderate,5,,OKJobMatch,okjobmatch.com,Statewide OK coverage
49,Tampa,FL,Tampa Bay Tech job board (tampabay.tech),tampabay.tech,Regional-Tech-Board,Moderate,5,,Employ Florida / CareerSource,employflorida.com,Regional tech association board; verify exact page
52,Aurora,CO,Built In Colorado (builtincolorado.com),builtincolorado.com,BuiltIn-Hub/City,Verified,5,"Colorado statewide (Colorado Springs, Aurora, Fort Collins, Lakewood CO, Thornton)",Connecting Colorado,connectingcolorado.com,Metro covered by a dedicated Built In hub site (same migration as user's original file)
57,Anaheim,CA,Built In LA (builtinla.com) – covers OC,builtinla.com,BuiltIn-Hub/City,Verified,5,"LA/OC metro (Built In LA covers: Long Beach, Anaheim, Irvine, Santa Ana, Glendale, Huntington Beach, Toronto→Torrance, Palmdale, Lancaster, Garden Grove, Santa Clarita)",CalJOBS (CA EDD),caljobs.ca.gov,Metro covered by a dedicated Built In hub site (same migration as user's original file)
63,Irvine,CA,Built In LA (builtinla.com) – covers OC,builtinla.com,BuiltIn-Hub/City,Verified,5,"LA/OC metro (Built In LA covers: Long Beach, Anaheim, Irvine, Santa Ana, Glendale, Huntington Beach, Toronto→Torrance, Palmdale, Lancaster, Garden Grove, Santa Clarita)",CalJOBS (CA EDD),caljobs.ca.gov,Metro covered by a dedicated Built In hub site (same migration as user's original file)
65,Santa Ana,CA,Built In LA (builtinla.com) – covers OC,builtinla.com,BuiltIn-Hub/City,Verified,5,"LA/OC metro (Built In LA covers: Long Beach, Anaheim, Irvine, Santa Ana, Glendale, Huntington Beach, Toronto→Torrance, Palmdale, Lancaster, Garden Grove, Santa Clarita)",CalJOBS (CA EDD),caljobs.ca.gov,Metro covered by a dedicated Built In hub site (same migration as user's original file)
67,St. Paul,MN,Tech.MN job board (tech.mn),tech.mn,Regional-Tech-Board,Moderate,5,,CareerForceMN,careerforcemn.com,Twin Cities coverage via Tech.MN
71,Lincoln,NE,Silicon Prairie News jobs (siliconprairienews.com),siliconprairienews.com,Regional-Tech-Board,Moderate,5,,NEworks,neworks.nebraska.gov,SE Nebraska coverage
83,Fort Wayne,IN,Purpose Jobs – Indiana (purpose.jobs),purpose.jobs,Regional-Tech-Board,Moderate,5,"Midwest multi-city (Detroit, Columbus, Cleveland, Cincinnati, Indianapolis, Ft Wayne, Toledo, Warren, Akron, Grand Rapids)",Indiana Career Connect,indianacareerconnect.com,Purpose Jobs covers IN tech incl. remote; Indy-centric
85,St. Petersburg,FL,Tampa Bay Tech job board (tampabay.tech),tampabay.tech,Regional-Tech-Board,Moderate,5,,Employ Florida / CareerSource,employflorida.com,Tampa Bay metro coverage
86,Toledo,OH,Purpose Jobs – Midwest/remote (purpose.jobs),purpose.jobs,Regional-Tech-Board,Moderate,5,"Midwest multi-city (Detroit, Columbus, Cleveland, Cincinnati, Indianapolis, Ft Wayne, Toledo, Warren, Akron, Grand Rapids)",OhioMeansJobs,ohiomeansjobs.com,
95,Boise,ID,Built In – Boise city page,builtin.com/jobs,BuiltIn-Hub/City,Verified,5,,IdahoWorks,idahoworks.gov,Verified: Built In lists Boise
98,Fremont,CA,Built In SF (builtinsf.com) – Bay Area,builtinsf.com,BuiltIn-Hub/City,Verified,5,"Bay Area (Built In SF covers: San Jose, Oakland, Fremont, Hayward, Sunnyvale...)",CalJOBS (CA EDD),caljobs.ca.gov,Metro covered by a dedicated Built In hub site (same migration as user's original file)
101,Richmond,VA,RVATech job board (rvatech.com),rvatech.com,Regional-Tech-Board,Moderate,5,,Virginia Career Works,virginiacareerworks.com,Richmond tech council board
102,Santa Clarita,CA,Built In LA (builtinla.com),builtinla.com,BuiltIn-Hub/City,Verified,5,"LA/OC metro (Built In LA covers: Long Beach, Anaheim, Irvine, Santa Ana, Glendale, Huntington Beach, Toronto→Torrance, Palmdale, Lancaster, Garden Grove, Santa Clarita)",CalJOBS (CA EDD),caljobs.ca.gov,Metro covered by a dedicated Built In hub site (same migration as user's original file)
111,Des Moines,IA,Technology Association of Iowa job board (technologyiowa.org),technologyiowa.org,Regional-Tech-Board,Moderate,5,,IowaWORKS,iowaworks.gov,State tech association member job board
123,Huntington Beach,CA,Built In LA (builtinla.com) – covers OC,builtinla.com,BuiltIn-Hub/City,Verified,5,"LA/OC metro (Built In LA covers: Long Beach, Anaheim, Irvine, Santa Ana, Glendale, Huntington Beach, Toronto→Torrance, Palmdale, Lancaster, Garden Grove, Santa Clarita)",CalJOBS (CA EDD),caljobs.ca.gov,Metro covered by a dedicated Built In hub site (same migration as user's original file)
129,Overland Park,KS,Startland News – KC startup jobs,startlandnews.com,Regional-Tech-Board,Moderate,5,,KansasWorks,kansasworks.com,KC metro (KS side)
134,Providence,RI,Tech Collective RI job board,tech-collective.org,Regional-Tech-Board,Moderate,5,,EmployRI,employri.org,RI tech association board
138,Glendale,CA,Built In LA (builtinla.com),builtinla.com,BuiltIn-Hub/City,Verified,5,"LA/OC metro (Built In LA covers: Long Beach, Anaheim, Irvine, Santa Ana, Glendale, Huntington Beach, Toronto→Torrance, Palmdale, Lancaster, Garden Grove, Santa Clarita)",CalJOBS (CA EDD),caljobs.ca.gov,Metro covered by a dedicated Built In hub site (same migration as user's original file)
145,Birmingham,AL,Built In – Birmingham city page,builtin.com/jobs,BuiltIn-Hub/City,Verified,5,,Alabama JobLink,joblink.alabama.gov,Verified: Built In lists Birmingham
150,Fort Collins,CO,Built In Colorado (builtincolorado.com),builtincolorado.com,BuiltIn-Hub/City,Verified,5,"Colorado statewide (Colorado Springs, Aurora, Fort Collins, Lakewood CO, Thornton)",Connecting Colorado,connectingcolorado.com,Metro covered by a dedicated Built In hub site (same migration as user's original file)
156,Lancaster,CA,Built In LA (builtinla.com),builtinla.com,BuiltIn-Hub/City,Verified,5,"LA/OC metro (Built In LA covers: Long Beach, Anaheim, Irvine, Santa Ana, Glendale, Huntington Beach, Toronto→Torrance, Palmdale, Lancaster, Garden Grove, Santa Clarita)",CalJOBS (CA EDD),caljobs.ca.gov,Metro covered by a dedicated Built In hub site (same migration as user's original file)
158,Hayward,CA,Built In SF (builtinsf.com) – Bay Area,builtinsf.com,BuiltIn-Hub/City,Verified,5,"Bay Area (Built In SF covers: San Jose, Oakland, Fremont, Hayward, Sunnyvale...)",CalJOBS (CA EDD),caljobs.ca.gov,Metro covered by a dedicated Built In hub site (same migration as user's original file)
159,Garden Grove,CA,Built In LA (builtinla.com) – covers OC,builtinla.com,BuiltIn-Hub/City,Verified,5,"LA/OC metro (Built In LA covers: Long Beach, Anaheim, Irvine, Santa Ana, Glendale, Huntington Beach, Toronto→Torrance, Palmdale, Lancaster, Garden Grove, Santa Clarita)",CalJOBS (CA EDD),caljobs.ca.gov,Metro covered by a dedicated Built In hub site (same migration as user's original file)
161,Palmdale,CA,Built In LA (builtinla.com),builtinla.com,BuiltIn-Hub/City,Verified,5,"LA/OC metro (Built In LA covers: Long Beach, Anaheim, Irvine, Santa Ana, Glendale, Huntington Beach, Toronto→Torrance, Palmdale, Lancaster, Garden Grove, Santa Clarita)",CalJOBS (CA EDD),caljobs.ca.gov,Metro covered by a dedicated Built In hub site (same migration as user's original file)
162,Lakewood,CO,Built In Colorado (builtincolorado.com),builtincolorado.com,BuiltIn-Hub/City,Verified,5,"Colorado statewide (Colorado Springs, Aurora, Fort Collins, Lakewood CO, Thornton)",Connecting Colorado,connectingcolorado.com,Metro covered by a dedicated Built In hub site (same migration as user's original file)
164,Sunnyvale,CA,Built In SF (builtinsf.com) – Bay Area,builtinsf.com,BuiltIn-Hub/City,Verified,5,"Bay Area (Built In SF covers: San Jose, Oakland, Fremont, Hayward, Sunnyvale...)",CalJOBS (CA EDD),caljobs.ca.gov,Metro covered by a dedicated Built In hub site (same migration as user's original file)
165,Kansas City,KS,Startland News – KC startup jobs,startlandnews.com,Regional-Tech-Board,Moderate,5,,KansasWorks,kansasworks.com,KC metro (KS side)
176,Olathe,KS,Startland News – KC startup jobs,startlandnews.com,Regional-Tech-Board,Moderate,5,,KansasWorks,kansasworks.com,KC metro (KS side)
186,Thornton,CO,Built In Colorado (builtincolorado.com),builtincolorado.com,BuiltIn-Hub/City,Verified,5,"Colorado statewide (Colorado Springs, Aurora, Fort Collins, Lakewood CO, Thornton)",Connecting Colorado,connectingcolorado.com,Metro covered by a dedicated Built In hub site (same migration as user's original file)
191,Torrance,CA,Built In LA (builtinla.com),builtinla.com,BuiltIn-Hub/City,Verified,5,"LA/OC metro (Built In LA covers: Long Beach, Anaheim, Irvine, Santa Ana, Glendale, Huntington Beach, Toronto→Torrance, Palmdale, Lancaster, Garden Grove, Santa Clarita)",CalJOBS (CA EDD),caljobs.ca.gov,Metro covered by a dedicated Built In hub site (same migration as user's original file)
200,Akron,OH,Purpose Jobs – Ohio/remote (purpose.jobs),purpose.jobs,Regional-Tech-Board,Moderate,5,"Midwest multi-city (Detroit, Columbus, Cleveland, Cincinnati, Indianapolis, Ft Wayne, Toledo, Warren, Akron, Grand Rapids)",OhioMeansJobs,ohiomeansjobs.com,Cleveland metro adjacency
4,Houston,TX,"Built In national platform – city filter: Houston, TX",builtin.com/jobs,BuiltIn-Hub/City,Standard,3,,WorkInTexas,workintexas.com,Houston tech hub: Ion District / Houston startup ecosystem
7,San Antonio,TX,"Built In national platform – city filter: San Antonio, TX",builtin.com/jobs,BuiltIn-Hub/City,Standard,3,,WorkInTexas,workintexas.com,Local ecosystem: Tech Bloc (satechbloc.com)
8,San Diego,CA,"Built In national platform – city filter: San Diego, CA",builtin.com/jobs,BuiltIn-Hub/City,Standard,3,,CalJOBS (CA EDD),caljobs.ca.gov,See Startup San Diego / CONNECT (connect.org) startup ecosystem
9,Dallas,TX,"Built In national platform – city filter: Dallas, TX",builtin.com/jobs,BuiltIn-Hub/City,Standard,3,,WorkInTexas,workintexas.com,DFW metro: see Dallas Innovates (dallasinnovates.com) for regional tech-job features
10,Jacksonville,FL,"Built In national platform – city filter: Jacksonville, FL",builtin.com/jobs,BuiltIn-Hub/City,Standard,3,,Employ Florida / CareerSource,employflorida.com,
13,Fort Worth,TX,"Built In national platform – city filter: Fort Worth, TX",builtin.com/jobs,BuiltIn-Hub/City,Standard,3,,WorkInTexas,workintexas.com,DFW metro: see Dallas Innovates (dallasinnovates.com)
58,Orlando,FL,"Built In national platform – city filter: Orlando, FL",builtin.com/jobs,BuiltIn-Hub/City,Standard,3,,Employ Florida / CareerSource,employflorida.com,
23,El Paso,TX,"Indeed – El Paso, TX city filter",https://www.indeed.com/jobs?l=El+Paso%2C+TX,Indeed-CityFilter,Standard,2,,WorkInTexas,workintexas.com,
24,Las Vegas,NV,"Indeed – Las Vegas, NV city filter",https://www.indeed.com/jobs?l=Las+Vegas%2C+NV,Indeed-CityFilter,Standard,2,,EmployNV,employnv.gov,See StartUpNV (startupnv.org) accelerator ecosystem
27,Louisville,KY,"Indeed – Louisville, KY city filter",https://www.indeed.com/jobs?l=Louisville%2C+KY,Indeed-CityFilter,Standard,2,,Kentucky Career Center,kcc.ky.gov,Weight: logistics/healthcare tech market
28,Memphis,TN,"Indeed – Memphis, TN city filter",https://www.indeed.com/jobs?l=Memphis%2C+TN,Indeed-CityFilter,Standard,2,,Jobs4TN,jobs4tn.gov,See Tech901 (tech901.org) local tech workforce org
33,Tucson,AZ,"Indeed – Tucson, AZ city filter",https://www.indeed.com/jobs?l=Tucson%2C+AZ,Indeed-CityFilter,Standard,2,,ARIZONA@WORK,arizonaatwork.com,See Arizona Tech Council (aztechcouncil.org)
34,Fresno,CA,"Indeed – Fresno, CA city filter",https://www.indeed.com/jobs?l=Fresno%2C+CA,Indeed-CityFilter,Standard,2,,CalJOBS (CA EDD),caljobs.ca.gov,
35,Sacramento,CA,"Indeed – Sacramento, CA city filter",https://www.indeed.com/jobs?l=Sacramento%2C+CA,Indeed-CityFilter,Standard,2,,CalJOBS (CA EDD),caljobs.ca.gov,See StartupSac (startupsac.com) regional entrepreneur org
36,Mesa,AZ,"Indeed – Mesa, AZ city filter",https://www.indeed.com/jobs?l=Mesa%2C+AZ,Indeed-CityFilter,Standard,2,,ARIZONA@WORK,arizonaatwork.com,
41,Raleigh,NC,"Indeed – Raleigh, NC city filter",https://www.indeed.com/jobs?l=Raleigh%2C+NC,Indeed-CityFilter,Standard,2,,NCWorks,ncworks.gov,Research Triangle: check Work in the Triangle regional talent portal (verify current status)
42,Virginia Beach,VA,"Indeed – Virginia Beach, VA city filter",https://www.indeed.com/jobs?l=Virginia+Beach%2C+VA,Indeed-CityFilter,Standard,2,,Virginia Career Works,virginiacareerworks.com,
48,Bakersfield,CA,"Indeed – Bakersfield, CA city filter",https://www.indeed.com/jobs?l=Bakersfield%2C+CA,Indeed-CityFilter,Standard,2,,CalJOBS (CA EDD),caljobs.ca.gov,
50,Arlington,TX,"Indeed – Arlington, TX city filter",https://www.indeed.com/jobs?l=Arlington%2C+TX,Indeed-CityFilter,Standard,2,,WorkInTexas,workintexas.com,DFW metro: see Dallas Innovates (dallasinnovates.com)
51,Wichita,KS,"Indeed – Wichita, KS city filter",https://www.indeed.com/jobs?l=Wichita%2C+KS,Indeed-CityFilter,Standard,2,,KansasWorks,kansasworks.com,
55,Honolulu,HI,"Indeed – Honolulu, HI city filter",https://www.indeed.com/jobs?l=Honolulu%2C+HI,Indeed-CityFilter,Standard,2,,HireNet Hawaii,hirenethawaii.com,
56,Henderson,NV,"Indeed – Henderson, NV city filter",https://www.indeed.com/jobs?l=Henderson%2C+NV,Indeed-CityFilter,Standard,2,,EmployNV,employnv.gov,
59,Lexington,KY,"Indeed – Lexington, KY city filter",https://www.indeed.com/jobs?l=Lexington%2C+KY,Indeed-CityFilter,Standard,2,,Kentucky Career Center,kcc.ky.gov,
60,Riverside,CA,"Indeed – Riverside, CA city filter",https://www.indeed.com/jobs?l=Riverside%2C+CA,Indeed-CityFilter,Standard,2,,CalJOBS (CA EDD),caljobs.ca.gov,
61,Stockton,CA,"Indeed – Stockton, CA city filter",https://www.indeed.com/jobs?l=Stockton%2C+CA,Indeed-CityFilter,Standard,2,,CalJOBS (CA EDD),caljobs.ca.gov,
62,Corpus Christi,TX,"Indeed – Corpus Christi, TX city filter",https://www.indeed.com/jobs?l=Corpus+Christi%2C+TX,Indeed-CityFilter,Standard,2,,WorkInTexas,workintexas.com,
66,Newark,NJ,"Indeed – Newark, NJ city filter",https://www.indeed.com/jobs?l=Newark%2C+NJ,Indeed-CityFilter,Standard,2,,Career Connections NJ,careerconnections.nj.gov,NYC metro adjacency; NJ Tech Council (NJTC) community
69,Greensboro,NC,"Indeed – Greensboro, NC city filter",https://www.indeed.com/jobs?l=Greensboro%2C+NC,Indeed-CityFilter,Standard,2,,NCWorks,ncworks.gov,
70,St. Louis,MO,"Indeed – St. Louis, MO city filter",https://www.indeed.com/jobs?l=St.+Louis%2C+MO,Indeed-CityFilter,Standard,2,,MoJobs,jobs.mo.gov,
72,Plano,TX,"Indeed – Plano, TX city filter",https://www.indeed.com/jobs?l=Plano%2C+TX,Indeed-CityFilter,Standard,2,,WorkInTexas,workintexas.com,DFW metro: see Dallas Innovates (dallasinnovates.com)
73,Anchorage,AK,"Indeed – Anchorage, AK city filter",https://www.indeed.com/jobs?l=Anchorage%2C+AK,Indeed-CityFilter,Standard,2,,Alaska Job Center (ALEXsys),jobs.alaska.gov,
74,Jersey City,NJ,"Indeed – Jersey City, NJ city filter",https://www.indeed.com/jobs?l=Jersey+City%2C+NJ,Indeed-CityFilter,Standard,2,,Career Connections NJ,careerconnections.nj.gov,NYC metro adjacency – Built In NYC covers much of this market
75,Durham,NC,"Indeed – Durham, NC city filter",https://www.indeed.com/jobs?l=Durham%2C+NC,Indeed-CityFilter,Standard,2,,NCWorks,ncworks.gov,Research Triangle: American Underground startup hub; NCWorks for general roles
76,Chandler,AZ,"Indeed – Chandler, AZ city filter",https://www.indeed.com/jobs?l=Chandler%2C+AZ,Indeed-CityFilter,Standard,2,,ARIZONA@WORK,arizonaatwork.com,
77,Chula Vista,CA,"Indeed – Chula Vista, CA city filter",https://www.indeed.com/jobs?l=Chula+Vista%2C+CA,Indeed-CityFilter,Standard,2,,CalJOBS (CA EDD),caljobs.ca.gov,
79,North Las Vegas,NV,"Indeed – North Las Vegas, NV city filter",https://www.indeed.com/jobs?l=North+Las+Vegas%2C+NV,Indeed-CityFilter,Standard,2,,EmployNV,employnv.gov,
80,Gilbert,AZ,"Indeed – Gilbert, AZ city filter",https://www.indeed.com/jobs?l=Gilbert%2C+AZ,Indeed-CityFilter,Standard,2,,ARIZONA@WORK,arizonaatwork.com,
81,Reno,NV,"Indeed – Reno, NV city filter",https://www.indeed.com/jobs?l=Reno%2C+NV,Indeed-CityFilter,Standard,2,,EmployNV,employnv.gov,See StartUpNV (startupnv.org) accelerator ecosystem
82,Madison,WI,"Indeed – Madison, WI city filter",https://www.indeed.com/jobs?l=Madison%2C+WI,Indeed-CityFilter,Standard,2,,Job Center of Wisconsin,jobcenterofwisconsin.com,See StartingBlock Madison / Capital Entrepreneurs community
84,Lubbock,TX,"Indeed – Lubbock, TX city filter",https://www.indeed.com/jobs?l=Lubbock%2C+TX,Indeed-CityFilter,Standard,2,,WorkInTexas,workintexas.com,
87,Laredo,TX,"Indeed – Laredo, TX city filter",https://www.indeed.com/jobs?l=Laredo%2C+TX,Indeed-CityFilter,Standard,2,,WorkInTexas,workintexas.com,
88,Irving,TX,"Indeed – Irving, TX city filter",https://www.indeed.com/jobs?l=Irving%2C+TX,Indeed-CityFilter,Standard,2,,WorkInTexas,workintexas.com,DFW metro: see Dallas Innovates (dallasinnovates.com)
89,Chesapeake,VA,"Indeed – Chesapeake, VA city filter",https://www.indeed.com/jobs?l=Chesapeake%2C+VA,Indeed-CityFilter,Standard,2,,Virginia Career Works,virginiacareerworks.com,
90,Glendale,AZ,"Indeed – Glendale, AZ city filter",https://www.indeed.com/jobs?l=Glendale%2C+AZ,Indeed-CityFilter,Standard,2,,ARIZONA@WORK,arizonaatwork.com,
91,Winston-Salem,NC,"Indeed – Winston-Salem, NC city filter",https://www.indeed.com/jobs?l=Winston-Salem%2C+NC,Indeed-CityFilter,Standard,2,,NCWorks,ncworks.gov,
92,Scottsdale,AZ,"Indeed – Scottsdale, AZ city filter",https://www.indeed.com/jobs?l=Scottsdale%2C+AZ,Indeed-CityFilter,Standard,2,,ARIZONA@WORK,arizonaatwork.com,
93,Port St. Lucie,FL,"Indeed – Port St. Lucie, FL city filter",https://www.indeed.com/jobs?l=Port+St.+Lucie%2C+FL,Indeed-CityFilter,Standard,2,,Employ Florida / CareerSource,employflorida.com,
94,Garland,TX,"Indeed – Garland, TX city filter",https://www.indeed.com/jobs?l=Garland%2C+TX,Indeed-CityFilter,Standard,2,,WorkInTexas,workintexas.com,DFW metro: see Dallas Innovates (dallasinnovates.com)
96,Norfolk,VA,"Indeed – Norfolk, VA city filter",https://www.indeed.com/jobs?l=Norfolk%2C+VA,Indeed-CityFilter,Standard,2,,Virginia Career Works,virginiacareerworks.com,
97,Spokane,WA,"Indeed – Spokane, WA city filter",https://www.indeed.com/jobs?l=Spokane%2C+WA,Indeed-CityFilter,Standard,2,,WorkSourceWA,worksourcewa.com,See Startup Spokane (startupspokane.com) ecosystem hub
99,Huntsville,AL,"Indeed – Huntsville, AL city filter",https://www.indeed.com/jobs?l=Huntsville%2C+AL,Indeed-CityFilter,Standard,2,,Alabama JobLink,joblink.alabama.gov,
100,Cape Coral,FL,"Indeed – Cape Coral, FL city filter",https://www.indeed.com/jobs?l=Cape+Coral%2C+FL,Indeed-CityFilter,Standard,2,,Employ Florida / CareerSource,employflorida.com,
104,San Bernardino,CA,"Indeed – San Bernardino, CA city filter",https://www.indeed.com/jobs?l=San+Bernardino%2C+CA,Indeed-CityFilter,Standard,2,,CalJOBS (CA EDD),caljobs.ca.gov,
105,Tacoma,WA,"Indeed – Tacoma, WA city filter",https://www.indeed.com/jobs?l=Tacoma%2C+WA,Indeed-CityFilter,Standard,2,,WorkSourceWA,worksourcewa.com,
106,Modesto,CA,"Indeed – Modesto, CA city filter",https://www.indeed.com/jobs?l=Modesto%2C+CA,Indeed-CityFilter,Standard,2,,CalJOBS (CA EDD),caljobs.ca.gov,
107,Fontana,CA,"Indeed – Fontana, CA city filter",https://www.indeed.com/jobs?l=Fontana%2C+CA,Indeed-CityFilter,Standard,2,,CalJOBS (CA EDD),caljobs.ca.gov,
108,McKinney,TX,"Indeed – McKinney, TX city filter",https://www.indeed.com/jobs?l=McKinney%2C+TX,Indeed-CityFilter,Standard,2,,WorkInTexas,workintexas.com,DFW metro: see Dallas Innovates (dallasinnovates.com)
110,Sioux Falls,SD,"Indeed – Sioux Falls, SD city filter",https://www.indeed.com/jobs?l=Sioux+Falls%2C+SD,Indeed-CityFilter,Standard,2,,SDWorks (SD Dept. of Labor),dlr.sd.gov,
112,Rochester,NY,"Indeed – Rochester, NY city filter",https://www.indeed.com/jobs?l=Rochester%2C+NY,Indeed-CityFilter,Standard,2,,NYS DOL Job Bank,dol.ny.gov,
113,Moreno Valley,CA,"Indeed – Moreno Valley, CA city filter",https://www.indeed.com/jobs?l=Moreno+Valley%2C+CA,Indeed-CityFilter,Standard,2,,CalJOBS (CA EDD),caljobs.ca.gov,
115,Fayetteville,NC,"Indeed – Fayetteville, NC city filter",https://www.indeed.com/jobs?l=Fayetteville%2C+NC,Indeed-CityFilter,Standard,2,,NCWorks,ncworks.gov,
116,Yonkers,NY,"Indeed – Yonkers, NY city filter",https://www.indeed.com/jobs?l=Yonkers%2C+NY,Indeed-CityFilter,Standard,2,,NYS DOL Job Bank,dol.ny.gov,
117,Frisco,TX,"Indeed – Frisco, TX city filter",https://www.indeed.com/jobs?l=Frisco%2C+TX,Indeed-CityFilter,Standard,2,,WorkInTexas,workintexas.com,DFW metro: see Dallas Innovates (dallasinnovates.com)
118,Little Rock,AR,"Indeed – Little Rock, AR city filter",https://www.indeed.com/jobs?l=Little+Rock%2C+AR,Indeed-CityFilter,Standard,2,,Arkansas JobLink,arkansasjoblink.com,
119,Augusta,GA,"Indeed – Augusta, GA city filter",https://www.indeed.com/jobs?l=Augusta%2C+GA,Indeed-CityFilter,Standard,2,,Employ Georgia,employgeorgia.com,
120,Columbus,GA,"Indeed – Columbus, GA city filter",https://www.indeed.com/jobs?l=Columbus%2C+GA,Indeed-CityFilter,Standard,2,,Employ Georgia,employgeorgia.com,
121,Amarillo,TX,"Indeed – Amarillo, TX city filter",https://www.indeed.com/jobs?l=Amarillo%2C+TX,Indeed-CityFilter,Standard,2,,WorkInTexas,workintexas.com,
122,Shreveport,LA,"Indeed – Shreveport, LA city filter",https://www.indeed.com/jobs?l=Shreveport%2C+LA,Indeed-CityFilter,Standard,2,,Louisiana Works (LA-WORKS),laworks.net,
125,Grand Prairie,TX,"Indeed – Grand Prairie, TX city filter",https://www.indeed.com/jobs?l=Grand+Prairie%2C+TX,Indeed-CityFilter,Standard,2,,WorkInTexas,workintexas.com,DFW metro: see Dallas Innovates (dallasinnovates.com)
126,Tallahassee,FL,"Indeed – Tallahassee, FL city filter",https://www.indeed.com/jobs?l=Tallahassee%2C+FL,Indeed-CityFilter,Standard,2,,Employ Florida / CareerSource,employflorida.com,
127,Worcester,MA,"Indeed – Worcester, MA city filter",https://www.indeed.com/jobs?l=Worcester%2C+MA,Indeed-CityFilter,Standard,2,,MassHire JobQuest,mass.gov/masshire,
128,Oxnard,CA,"Indeed – Oxnard, CA city filter",https://www.indeed.com/jobs?l=Oxnard%2C+CA,Indeed-CityFilter,Standard,2,,CalJOBS (CA EDD),caljobs.ca.gov,
130,Knoxville,TN,"Indeed – Knoxville, TN city filter",https://www.indeed.com/jobs?l=Knoxville%2C+TN,Indeed-CityFilter,Standard,2,,Jobs4TN,jobs4tn.gov,
131,Peoria,AZ,"Indeed – Peoria, AZ city filter",https://www.indeed.com/jobs?l=Peoria%2C+AZ,Indeed-CityFilter,Standard,2,,ARIZONA@WORK,arizonaatwork.com,
132,Tempe,AZ,"Indeed – Tempe, AZ city filter",https://www.indeed.com/jobs?l=Tempe%2C+AZ,Indeed-CityFilter,Standard,2,,ARIZONA@WORK,arizonaatwork.com,
133,Chattanooga,TN,"Indeed – Chattanooga, TN city filter",https://www.indeed.com/jobs?l=Chattanooga%2C+TN,Indeed-CityFilter,Standard,2,,Jobs4TN,jobs4tn.gov,
135,Brownsville,TX,"Indeed – Brownsville, TX city filter",https://www.indeed.com/jobs?l=Brownsville%2C+TX,Indeed-CityFilter,Standard,2,,WorkInTexas,workintexas.com,
137,Newport News,VA,"Indeed – Newport News, VA city filter",https://www.indeed.com/jobs?l=Newport+News%2C+VA,Indeed-CityFilter,Standard,2,,Virginia Career Works,virginiacareerworks.com,
139,Montgomery,AL,"Indeed – Montgomery, AL city filter",https://www.indeed.com/jobs?l=Montgomery%2C+AL,Indeed-CityFilter,Standard,2,,Alabama JobLink,joblink.alabama.gov,
140,Ontario,CA,"Indeed – Ontario, CA city filter",https://www.indeed.com/jobs?l=Ontario%2C+CA,Indeed-CityFilter,Standard,2,,CalJOBS (CA EDD),caljobs.ca.gov,
141,Vancouver,WA,"Indeed – Vancouver, WA city filter",https://www.indeed.com/jobs?l=Vancouver%2C+WA,Indeed-CityFilter,Standard,2,,WorkSourceWA,worksourcewa.com,Portland OR metro adjacency – also check Silicon Florist
142,Mobile,AL,"Indeed – Mobile, AL city filter",https://www.indeed.com/jobs?l=Mobile%2C+AL,Indeed-CityFilter,Standard,2,,Alabama JobLink,joblink.alabama.gov,
143,Rancho Cucamonga,CA,"Indeed – Rancho Cucamonga, CA city filter",https://www.indeed.com/jobs?l=Rancho+Cucamonga%2C+CA,Indeed-CityFilter,Standard,2,,CalJOBS (CA EDD),caljobs.ca.gov,
146,Santa Rosa,CA,"Indeed – Santa Rosa, CA city filter",https://www.indeed.com/jobs?l=Santa+Rosa%2C+CA,Indeed-CityFilter,Standard,2,,CalJOBS (CA EDD),caljobs.ca.gov,
147,Oceanside,CA,"Indeed – Oceanside, CA city filter",https://www.indeed.com/jobs?l=Oceanside%2C+CA,Indeed-CityFilter,Standard,2,,CalJOBS (CA EDD),caljobs.ca.gov,
148,Springfield,MO,"Indeed – Springfield, MO city filter",https://www.indeed.com/jobs?l=Springfield%2C+MO,Indeed-CityFilter,Standard,2,,MoJobs,jobs.mo.gov,
149,Cary,NC,"Indeed – Cary, NC city filter",https://www.indeed.com/jobs?l=Cary%2C+NC,Indeed-CityFilter,Standard,2,,NCWorks,ncworks.gov,
151,Elk Grove,CA,"Indeed – Elk Grove, CA city filter",https://www.indeed.com/jobs?l=Elk+Grove%2C+CA,Indeed-CityFilter,Standard,2,,CalJOBS (CA EDD),caljobs.ca.gov,
152,Salem,OR,"Indeed – Salem, OR city filter",https://www.indeed.com/jobs?l=Salem%2C+OR,Indeed-CityFilter,Standard,2,,WorkSource Oregon,worksourceoregon.org,
153,Clarksville,TN,"Indeed – Clarksville, TN city filter",https://www.indeed.com/jobs?l=Clarksville%2C+TN,Indeed-CityFilter,Standard,2,,Jobs4TN,jobs4tn.gov,
154,Corona,CA,"Indeed – Corona, CA city filter",https://www.indeed.com/jobs?l=Corona%2C+CA,Indeed-CityFilter,Standard,2,,CalJOBS (CA EDD),caljobs.ca.gov,
155,Eugene,OR,"Indeed – Eugene, OR city filter",https://www.indeed.com/jobs?l=Eugene%2C+OR,Indeed-CityFilter,Standard,2,,WorkSource Oregon,worksourceoregon.org,See Silicon Shire (siliconshire.org) local tech association
157,Salinas,CA,"Indeed – Salinas, CA city filter",https://www.indeed.com/jobs?l=Salinas%2C+CA,Indeed-CityFilter,Standard,2,,CalJOBS (CA EDD),caljobs.ca.gov,
160,Macon,GA,"Indeed – Macon, GA city filter",https://www.indeed.com/jobs?l=Macon%2C+GA,Indeed-CityFilter,Standard,2,,Employ Georgia,employgeorgia.com,
163,Springfield,MA,"Indeed – Springfield, MA city filter",https://www.indeed.com/jobs?l=Springfield%2C+MA,Indeed-CityFilter,Standard,2,,MassHire JobQuest,mass.gov/masshire,
166,Naperville,IL,"Indeed – Naperville, IL city filter",https://www.indeed.com/jobs?l=Naperville%2C+IL,Indeed-CityFilter,Standard,2,,IllinoisJobLink,illinoisjoblink.illinois.gov,
169,Roseville,CA,"Indeed – Roseville, CA city filter",https://www.indeed.com/jobs?l=Roseville%2C+CA,Indeed-CityFilter,Standard,2,,CalJOBS (CA EDD),caljobs.ca.gov,
170,Bellevue,WA,"Indeed – Bellevue, WA city filter",https://www.indeed.com/jobs?l=Bellevue%2C+WA,Indeed-CityFilter,Standard,2,,WorkSourceWA,worksourcewa.com,
171,Savannah,GA,"Indeed – Savannah, GA city filter",https://www.indeed.com/jobs?l=Savannah%2C+GA,Indeed-CityFilter,Standard,2,,Employ Georgia,employgeorgia.com,
172,Denton,TX,"Indeed – Denton, TX city filter",https://www.indeed.com/jobs?l=Denton%2C+TX,Indeed-CityFilter,Standard,2,,WorkInTexas,workintexas.com,DFW metro: see Dallas Innovates (dallasinnovates.com)
173,Pasadena,TX,"Indeed – Pasadena, TX city filter",https://www.indeed.com/jobs?l=Pasadena%2C+TX,Indeed-CityFilter,Standard,2,,WorkInTexas,workintexas.com,
174,McAllen,TX,"Indeed – McAllen, TX city filter",https://www.indeed.com/jobs?l=McAllen%2C+TX,Indeed-CityFilter,Standard,2,,WorkInTexas,workintexas.com,
175,Killeen,TX,"Indeed – Killeen, TX city filter",https://www.indeed.com/jobs?l=Killeen%2C+TX,Indeed-CityFilter,Standard,2,,WorkInTexas,workintexas.com,
177,Mesquite,TX,"Indeed – Mesquite, TX city filter",https://www.indeed.com/jobs?l=Mesquite%2C+TX,Indeed-CityFilter,Standard,2,,WorkInTexas,workintexas.com,DFW metro: see Dallas Innovates (dallasinnovates.com)
178,Bridgeport,CT,"Indeed – Bridgeport, CT city filter",https://www.indeed.com/jobs?l=Bridgeport%2C+CT,Indeed-CityFilter,Standard,2,,CTHires,cthires.com,See CT Tech Council; NYC metro adjacency for remote/hybrid roles
179,Paterson,NJ,"Indeed – Paterson, NJ city filter",https://www.indeed.com/jobs?l=Paterson%2C+NJ,Indeed-CityFilter,Standard,2,,Career Connections NJ,careerconnections.nj.gov,
180,Escondido,CA,"Indeed – Escondido, CA city filter",https://www.indeed.com/jobs?l=Escondido%2C+CA,Indeed-CityFilter,Standard,2,,CalJOBS (CA EDD),caljobs.ca.gov,
181,Joliet,IL,"Indeed – Joliet, IL city filter",https://www.indeed.com/jobs?l=Joliet%2C+IL,Indeed-CityFilter,Standard,2,,IllinoisJobLink,illinoisjoblink.illinois.gov,
182,Rockford,IL,"Indeed – Rockford, IL city filter",https://www.indeed.com/jobs?l=Rockford%2C+IL,Indeed-CityFilter,Standard,2,,IllinoisJobLink,illinoisjoblink.illinois.gov,
183,Gainesville,FL,"Indeed – Gainesville, FL city filter",https://www.indeed.com/jobs?l=Gainesville%2C+FL,Indeed-CityFilter,Standard,2,,Employ Florida / CareerSource,employflorida.com,
184,Syracuse,NY,"Indeed – Syracuse, NY city filter",https://www.indeed.com/jobs?l=Syracuse%2C+NY,Indeed-CityFilter,Standard,2,,NYS DOL Job Bank,dol.ny.gov,
187,Alexandria,VA,"Indeed – Alexandria, VA city filter",https://www.indeed.com/jobs?l=Alexandria%2C+VA,Indeed-CityFilter,Standard,2,,Virginia Career Works,virginiacareerworks.com,
188,Visalia,CA,"Indeed – Visalia, CA city filter",https://www.indeed.com/jobs?l=Visalia%2C+CA,Indeed-CityFilter,Standard,2,,CalJOBS (CA EDD),caljobs.ca.gov,
189,Surprise,AZ,"Indeed – Surprise, AZ city filter",https://www.indeed.com/jobs?l=Surprise%2C+AZ,Indeed-CityFilter,Standard,2,,ARIZONA@WORK,arizonaatwork.com,
190,Columbia,SC,"Indeed – Columbia, SC city filter",https://www.indeed.com/jobs?l=Columbia%2C+SC,Indeed-CityFilter,Standard,2,,SC Works,scworks.org,
192,Dayton,OH,Indeed – Dayton city filter,indeed.com,Indeed-CityFilter,Standard,2,,OhioMeansJobs,ohiomeansjobs.com,See Launch Dayton (launchdayton.com) startup community board
193,Elizabeth,NJ,"Indeed – Elizabeth, NJ city filter",https://www.indeed.com/jobs?l=Elizabeth%2C+NJ,Indeed-CityFilter,Standard,2,,Career Connections NJ,careerconnections.nj.gov,
194,Midland,TX,"Indeed – Midland, TX city filter",https://www.indeed.com/jobs?l=Midland%2C+TX,Indeed-CityFilter,Standard,2,,WorkInTexas,workintexas.com,
195,Hampton,VA,"Indeed – Hampton, VA city filter",https://www.indeed.com/jobs?l=Hampton%2C+VA,Indeed-CityFilter,Standard,2,,Virginia Career Works,virginiacareerworks.com,
196,New Haven,CT,"Indeed – New Haven, CT city filter",https://www.indeed.com/jobs?l=New+Haven%2C+CT,Indeed-CityFilter,Standard,2,,CTHires,cthires.com,See CT Tech Council; Yale-adjacent tech ecosystem
198,Lakewood,NJ,"Indeed – Lakewood, NJ city filter",https://www.indeed.com/jobs?l=Lakewood%2C+NJ,Indeed-CityFilter,Standard,2,,Career Connections NJ,careerconnections.nj.gov,
199,Jackson,MS,"Indeed – Jackson, MS city filter",https://www.indeed.com/jobs?l=Jackson%2C+MS,Indeed-CityFilter,Standard,2,,MDES Job Bank,mdes.ms.gov,
